-- phpMyAdmin SQL Dump
-- version 4.0.10.7
-- http://www.phpmyadmin.net
--
-- Host: localhost:3306
-- Generation Time: May 10, 2016 at 04:11 AM
-- Server version: 5.6.25-73.1-log
-- PHP Version: 5.4.31

SET SQL_MODE = "NO_AUTO_VALUE_ON_ZERO";
SET time_zone = "+00:00";


/*!40101 SET @OLD_CHARACTER_SET_CLIENT=@@CHARACTER_SET_CLIENT */;
/*!40101 SET @OLD_CHARACTER_SET_RESULTS=@@CHARACTER_SET_RESULTS */;
/*!40101 SET @OLD_COLLATION_CONNECTION=@@COLLATION_CONNECTION */;
/*!40101 SET NAMES utf8 */;

--
-- Database: `knoneaet_test_hot_cascad`
--

-- --------------------------------------------------------

--
-- Table structure for table `address`
--

CREATE TABLE IF NOT EXISTS `address` (
  `pincode` int(6) NOT NULL,
  `address` varchar(100) NOT NULL,
  `city` varchar(100) NOT NULL,
  `state` varchar(100) NOT NULL,
  PRIMARY KEY (`pincode`)
) ENGINE=InnoDB DEFAULT CHARSET=latin1;

--
-- Dumping data for table `address`
--

INSERT INTO `address` (`pincode`, `address`, `city`, `state`) VALUES
(0, '', '', ''),
(547124, '', '', ''),
(626111, 'Meenakshipuram', 'Virudhunagar', 'Tamil Nadu'),
(632521, 'Tajpura', 'Vellore', 'Tamil Nadu'),
(641032, 'Othakkalmandapam', 'Coimbatore', 'Tamil Nadu'),
(641046, 'Bharathiyar University', 'Coimbatore', 'Tamil Nadu'),
(641109, 'Thennamanallur', 'Coimbatore', 'Tamil Nadu'),
(685747, '', '', ''),
(685748, '', '', ''),
(888688, '', '', ''),
(968574, '', '', '');

-- --------------------------------------------------------

--
-- Table structure for table `category_1`
--

CREATE TABLE IF NOT EXISTS `category_1` (
  `category_id` int(10) NOT NULL AUTO_INCREMENT,
  `name` varchar(100) NOT NULL,
  `desc` varchar(300) NOT NULL,
  `priority` int(20) NOT NULL,
  PRIMARY KEY (`category_id`),
  UNIQUE KEY `name` (`name`)
) ENGINE=InnoDB  DEFAULT CHARSET=latin1 AUTO_INCREMENT=16 ;

--
-- Dumping data for table `category_1`
--

INSERT INTO `category_1` (`category_id`, `name`, `desc`, `priority`) VALUES
(1, 'Veg', 'pure vegeterian', 10),
(2, 'Non veg', 'pure non veg', 10),
(3, 'starters', 'start with the better one', 8),
(4, 'cool drinks', 'ice cold', 9),
(5, 'Ice cream', 'serve chilled', 10),
(6, 'semiya', 'spicy', 8),
(7, 'chineese', 'traditional chineese', 8),
(8, 'Deserts', 'yummy', 8),
(9, 'BBQ', 'HOT', 3),
(12, 'fresh juices', 'healthy', 9),
(13, 'Hot Chocolate drinks', 'Too good', 1),
(14, 'Traditional dishes', 'Made Traditionally', 10),
(15, 'DInner', 'Night Food', 4);

-- --------------------------------------------------------

--
-- Table structure for table `customer_1`
--

CREATE TABLE IF NOT EXISTS `customer_1` (
  `customer_id` int(10) NOT NULL AUTO_INCREMENT,
  `name` varchar(100) NOT NULL,
  `email` varchar(100) DEFAULT NULL,
  `phone` varchar(100) NOT NULL,
  `address` varchar(200) DEFAULT NULL,
  `pincode` varchar(10) DEFAULT NULL,
  `rand_id` varchar(20) DEFAULT NULL,
  PRIMARY KEY (`customer_id`),
  UNIQUE KEY `phone` (`phone`),
  UNIQUE KEY `rand_id` (`rand_id`)
) ENGINE=InnoDB  DEFAULT CHARSET=latin1 AUTO_INCREMENT=94 ;

--
-- Dumping data for table `customer_1`
--

INSERT INTO `customer_1` (`customer_id`, `name`, `email`, `phone`, `address`, `pincode`, `rand_id`) VALUES
(1, 'sam', '', '9685744858', '', '', '1WV81Yzo4h'),
(2, 'sam', '', '8574558696', '', '', 'AsIQvF00r2'),
(3, 'king', '', '8569684775', '', '', '110V58BGkp'),
(4, 'name', 'email', '8668574586', 'hhhhjjb', '641032', '06nICqCALT'),
(5, 'jazz', '', '8447455596', '', '', '6QDid2e2kQ'),
(6, 'jazz', '', '7458569855', 'dfffvbbfbbfgh', '641032', 'uX69Xt5nX2'),
(7, 'ghghhj', '', '9585858585', 'ghhyhhj', '858285', 'BWw7SrIgo5'),
(8, 'ghyuuhj', '', '9585856654', 'gjhghhu', '358582', '0ow2uKDvCn'),
(9, 'hjjhhjj', '', '9285858585', '', '', '0mJU3GrbiG'),
(10, 'hhh', '', '7299685996', 'ghbvhh', '654123', '0x3l2Sot7u'),
(11, 'hbggh', '', '8571868696', '', '', 'POT2jVPZ7K'),
(12, 'bgjbgh', '', '9685745869', 'vvghiuvcxxddsfddch', '654127', '0pjAPOlX99'),
(13, 'ihhhbv', '', '9966356888', '', '', '16XNnp0GR1'),
(14, 'ghygyhh', '', '9285583585', 'hhghbh', '585858', 'eaY8Frck4W'),
(15, 'hjuhuhh', '', '9985855525', 'jhjygjj', '565252', '1o5HWtawzX'),
(16, 'fhfhhjgj', '', '9828582825', 'gnnhhhhgj', '959565', 'HvdmT2bWXg'),
(17, 'vhhggfh', '', '9858585825', 'hgjgghgn', '545454', 'SrLizVhGTk'),
(18, 'jjjjyjghg', '', '9858285552', 'fhfhfghgjg', '856464', 'XLXEZreGaH'),
(19, 'khhbh', '', '8596875869', 'bkjhhguhffdffcvjjjn', '685747', '0PvP57omgj'),
(20, 'jhffkgfyfhfhf', '', '9656562626', 'ughjhjgjhjhk', '545222', '0lmFHCogCK'),
(21, 'hgjjhjghfhfh', '', '9886565666', '', '', 'rfjxTuQzJP'),
(22, 'nbngnvnfbfbbg', '', '9852222222', 'jgjgjghghghugjghghfughg', '995565', '1B7e6VuXLU'),
(23, 'hfhfhfhh', '', '9866666666', 'nnhjgjgjgj', '888455', 'wFAdWDXGoI'),
(24, 'hello', '', '9757676434', '', '', '07lc4XtJG5'),
(25, 'hfhfhghjg', '', '9865555554', 'nfhfhfj', '846454', 'NRlRYvpRZZ'),
(26, 'hfhgjgjg', '', '9885645454', 'hghfhfj', '976464', '14rtfMtS4O'),
(27, 'dhenu', '', '9464675754', 'erode', '685225', '4oLSywbg96'),
(28, 'dinu', '', '9865646464', '', '', '1bMNVgNUeJ'),
(29, 'hihjvjh', '', '8586858666', 'jnnbiuggch', '388575', 'hWapqhwV01'),
(30, 'ranith', '', '7295555587', 'chennai', '655747', 'TprOXIY8mB'),
(31, 'bnhbvvh', '', '9688865686', '', '', '14fAcKPWFc'),
(32, 'hjvjvhj', '', '8677757797', 'uhghvvfcd', '685786', 'XabrG3FtSW'),
(33, 'gjhvvbj', '', '9888575756', '', '', 'LnhPxU8DbJ'),
(34, 'vjhbhh', '', '955887658', '', '', '1Tdi49HMfV'),
(35, 'hvjvjb', '', '9898558876', 'uiguyfgh', '655214', '0eBI4GLbRD'),
(36, 'jjnj', '', '8596985898', 'ugugvuv', '688475', 'mHDz6wSsnZ'),
(37, 'nkvhjc', '', '9677958989', '', '', '0A3v6ZTxU1'),
(38, 'jbkjbjhvjv', '', '9867758896', '', '', '1sMkiH9TTh'),
(39, 'ddddddd', '', '9989895615', '', '', 'sS9JVeu4vu'),
(40, 'jbknbbhgf', '', '9868556898', '', '', 'hC5UcaCjBO'),
(41, 'jnvhgd', '', '9685888655', 'kjfdssd', '685748', '1WiuIOPHLU'),
(42, 'diinuuuu', '', '9500618790', 'erode', '965655', '1O4crTnLvF'),
(43, 'din', '', '9898989898', '', '', '1ykLs7AHcX'),
(44, 'dinuuuuuuuuuuu', '', '9858585822', 'salem', '656565', 'IP9TTEvqDl'),
(45, 'diiiiiin', '', '9565563636', 'erode', '653565', 'hd68LqApA3'),
(46, 'gfhhghggg', '', '9565656442', '', '', '1VcLuNsr7F'),
(47, 'ygjjhhhhhhh', '', '9535343424', 'jbjbjgjg', '665656', 'vd8OnDN00D'),
(48, 'frieh', '', '9500615855', 'chennai', '656656', 'zbqrXETGQs'),
(49, 'dinuuuuuuuuuuudhiniiiii', '', '9555255552', 'erode', '858255', 'BTKl3LN9sl'),
(50, 'james', '', '9636363633', '', '', 'jj7NUnV883'),
(51, 'ram', '', '9632121111', 'salem', '632521', '0eR0RY8o8F'),
(52, 'reeeni', '', '9595555555', 'erode', '963636', '0fiJbCMiFp'),
(53, 'jkkhhgg', '', '9866522441', '', '', '0PSPMcZRjX'),
(54, 'ttttttt', '', '9565555555', 'salem', '845552', 'Lki5UO1O80'),
(55, 'kkk', '', '9868574889', '', '', '1nBHNO2Zfs'),
(56, 'kkkkk', '', '8574869665', 'yffyffsdfcvgch', '685747', 'HCzRRZaQvC'),
(57, 'dinram', '', '9226363666', 'dubai', '655555', 'DE51UoYmfB'),
(58, 'aaa', '', '8585858585', 'hjkubbhbbjj', '685747', 'PhCu15WQDT'),
(59, 'sss', '', '9685845858', 'jjhhhggfvgv', '685756', '1UYWMZNuJy'),
(60, 'dddd', '', '9685746586', 'bnjh', '685955', 'ZYdJ55Ld2Z'),
(61, 'ffff', '', '9885888888', 'kbbbhjg', '685747', 'LqQ6ka3ELP'),
(62, 'ggg', '', '7778887888', 'jhjjg', '654222', 'U02PCeXrRY'),
(63, 'hhhh', '', '9686855965', 'bkhjhmh', '641253', '01aFlznZQx'),
(64, 'hhhh', '', '8868899999', 'jhhu', '998557', 'WpYeIx9FIm'),
(65, 'bjh', '', '9687745212', 'jhg', '547124', '1KND1KqjIu'),
(67, 'ram', '', '9868689088', '', '', '1dPRkpotfI'),
(68, 'hgvh', '', '9868826888', 'jnhhj', '668865', '1f9WHZJisG'),
(69, 'dinesh', '', '9523232222', 'erode', '623232', '0YOScnh3Gp'),
(70, 'uuuuuuu', '', '9523221111', '', '', 'sKZ3V3FkBf'),
(71, 'fkfkkckcckck', '', '7967676766', 'fkfkdkdkdkckkckfk', '466464', '0s1nw0WCkx'),
(72, 'name', 'email', '9486003200', '4/249 maruthanar street, mangudi, rajapalayam', '626111', 'SHfDLJbyTR'),
(73, 'praveen', '', '8438403200', '', '', '0ze7v3NvLP'),
(75, 'testing', '', '9658572555', 'cbe', '632574', 'STDrwU43cL'),
(76, 'jhj', '', '8555569352', '', '', 'PNcxcV2fzl'),
(77, 'kkk', '', '8271528685', 'bygjkjkkjjbh', '685847', '15KkZhaGON'),
(78, 'name', 'email', '8756885657', 'jhhjhjh', '558577', '0VR528oAuz'),
(79, 'sam', '', '9876495497', '', '', '1Ta68x0GUg'),
(80, 'sam', '', '9685848699', 'kkk', '968574', 'ZGWuS5CtYD'),
(82, 'kikik', '', '8675576579', 'hbkbuhgvgfc', '685747', 'ue9IkvoTjG'),
(83, 'kikik', '', '8655879865', 'bhjvggvhgchg', '685747', 'sZv0vnFRFP'),
(87, 'khhhj', '', '8655868686', 'hhhhh', '685748', '1iVCESLmWG'),
(89, 'dinuuuu', '', '9565355222', 'erode', '685822', '1wui1INDeR'),
(90, 'yyhhhh', '', '9555252565', 'hfhththg', '652332', 'tk6s83M1JX'),
(91, 'tjjhhjjyiyi', '', '9565522223', '', '', '0bqyUrW0GZ'),
(92, 'fuguuhhfhrh', '', '9866652233', 'ghfhhhh', '656622', '1052xQTpmt'),
(93, 'ganesh', '', '9865656555', 'cbe', '653222', '00sSwEFDDT');

-- --------------------------------------------------------

--
-- Table structure for table `driver_1`
--

CREATE TABLE IF NOT EXISTS `driver_1` (
  `driver_id` int(10) NOT NULL AUTO_INCREMENT,
  `name` varchar(100) NOT NULL,
  `phone` varchar(100) NOT NULL,
  PRIMARY KEY (`driver_id`),
  UNIQUE KEY `phone` (`phone`)
) ENGINE=InnoDB  DEFAULT CHARSET=latin1 AUTO_INCREMENT=10 ;

--
-- Dumping data for table `driver_1`
--

INSERT INTO `driver_1` (`driver_id`, `name`, `phone`) VALUES
(1, 'Sam', '7598149666'),
(2, 'boss', '7598149696'),
(3, 'jack', '9865465498'),
(4, 'king', '7598149677'),
(5, 'rock', '8596874859'),
(6, 'Dhenu', '9500618790'),
(7, 'Naren', '9986545464'),
(8, 'Rocky', '8961234564'),
(9, 'testdriver', '9512647888');

-- --------------------------------------------------------

--
-- Table structure for table `product_1`
--

CREATE TABLE IF NOT EXISTS `product_1` (
  `item_id` int(10) NOT NULL AUTO_INCREMENT,
  `item_name` varchar(100) NOT NULL,
  `item_desc` varchar(300) DEFAULT NULL,
  `priority` int(11) NOT NULL,
  `max_order` int(11) NOT NULL,
  `price` double NOT NULL,
  `category_id` int(11) NOT NULL,
  `tax_id` int(11) NOT NULL,
  `meal_type` varchar(100) NOT NULL,
  `food_type` varchar(100) NOT NULL,
  `is_option_available` int(11) NOT NULL DEFAULT '0',
  `availability` int(11) NOT NULL DEFAULT '0',
  PRIMARY KEY (`item_id`),
  KEY `categoryID` (`category_id`),
  KEY `tax_id` (`tax_id`)
) ENGINE=InnoDB  DEFAULT CHARSET=latin1 AUTO_INCREMENT=21 ;

--
-- Dumping data for table `product_1`
--

INSERT INTO `product_1` (`item_id`, `item_name`, `item_desc`, `priority`, `max_order`, `price`, `category_id`, `tax_id`, `meal_type`, `food_type`, `is_option_available`, `availability`) VALUES
(2, 'Idly(set of 3)', 'delicious', 10, 0, 20, 1, 0, 'break_fast, dinner', 'veg', 0, 2),
(3, 'chicken Biriyani', 'tasty', 9, 0, 80, 2, 0, 'lunch, dinner', 'non-veg', 0, 0),
(4, 'mutton biriyani', 'tasty', 8, 0, 180, 2, 0, 'lunch, dinner', 'non-veg', 0, 1),
(5, 'sweet corn soup', 'start with the better one', 7, 0, 35, 3, 0, 'break_fast, lunch, snacks, dinner', 'veg', 0, 1),
(6, 'appy fish(200ml)', 'enjoy the apple flavour', 7, 0, 25, 4, 0, 'lunch, snacks, dinner', 'veg', 0, 1),
(7, 'maaza(200ml)', 'enjoy the taste of mango', 7, 0, 25, 4, 0, 'lunch, snacks, dinner', 'veg', 0, 1),
(8, 'cazatta', 'serve chilled', 9, 0, 40, 5, 0, 'lunch, snacks, dinner', 'veg', 0, 1),
(9, 'choco brownie', 'serve chilled', 9, 0, 75, 5, 0, 'lunch, snacks, dinner', 'veg', 0, 1),
(10, 'manjurian', 'spicy', 8, 0, 50, 2, 0, 'lunch', 'non-veg', 0, 0),
(11, 'chicken noodles', 'delicious', 8, 0, 100, 7, 0, 'break_fast, lunch, dinner', 'non-veg', 0, 0),
(12, 'chineese style mixed non-veg noodles', 'delicious', 8, 0, 120, 7, 0, 'break_fast, snacks, dinner', 'non-veg', 0, 1),
(13, 'raagi semiya', 'traditional,healthy', 8, 0, 25, 6, 0, 'break_fast, dinner', 'veg', 0, 2),
(14, 'apple pie desert(piece of 2)', 'tasty', 8, 0, 120, 8, 0, 'break_fast, snacks, dinner', 'veg', 0, 1),
(15, 'Hariyali BBQ', 'Chicken', 3, 0, 200, 9, 0, 'lunch, dinner', 'non-veg', 0, 1),
(18, 'watermelon juice', 'tasty', 8, 0, 25, 12, 0, 'break_fast, lunch, dinner', 'veg', 0, 1),
(19, 'Dark chocolate Drink', 'too hot', 9, 0, 65, 13, 0, 'break_fast, lunch, snacks', 'veg', 0, 1),
(20, 'Pot Biriyani (veg)', 'tasty', 9, 0, 65, 14, 0, 'lunch, dinner', 'veg', 0, 1);

-- --------------------------------------------------------

--
-- Table structure for table `sale_order_1`
--

CREATE TABLE IF NOT EXISTS `sale_order_1` (
  `sale_order_id` int(10) NOT NULL AUTO_INCREMENT,
  `customer_id` int(10) DEFAULT NULL,
  `status` varchar(20) NOT NULL DEFAULT 'preparation',
  `order_date` timestamp NULL DEFAULT CURRENT_TIMESTAMP,
  `is_driver` tinyint(1) NOT NULL,
  `portal` varchar(100) DEFAULT 'own',
  `driver_id` int(10) DEFAULT NULL,
  `bill_paid` tinyint(1) DEFAULT '0',
  `special_notes` varchar(100) DEFAULT NULL,
  `table_id` int(11) DEFAULT NULL,
  `order_type` varchar(20) NOT NULL,
  `rand_id` varchar(20) DEFAULT NULL,
  `server_id` varchar(4) DEFAULT '1',
  PRIMARY KEY (`sale_order_id`),
  UNIQUE KEY `rand_id` (`rand_id`),
  KEY `customer_id` (`customer_id`),
  KEY `customer_id_2` (`customer_id`),
  KEY `customer_id_3` (`customer_id`),
  KEY `driver_id` (`driver_id`)
) ENGINE=InnoDB  DEFAULT CHARSET=latin1 AUTO_INCREMENT=183 ;

--
-- Dumping data for table `sale_order_1`
--

INSERT INTO `sale_order_1` (`sale_order_id`, `customer_id`, `status`, `order_date`, `is_driver`, `portal`, `driver_id`, `bill_paid`, `special_notes`, `table_id`, `order_type`, `rand_id`, `server_id`) VALUES
(1, 1, 'confirm', '2016-03-08 07:51:26', 0, 'Own', 0, 0, '', 1, 'dine_in', 'Q41RkkhUaF', '1'),
(2, 1, 'm(3)', '2016-03-08 07:55:30', 0, 'Own', 0, 0, '', 1, 'dine_in', '0oC4gXieRN', '1'),
(3, 1, 'confirm', '2016-03-08 07:55:49', 0, 'Own', 0, 0, '', 2, 'dine_in', 'AqMCBngY9F', '1'),
(4, 1, 'confirm', '2016-03-08 08:02:27', 0, 'Own', 0, 1, '', 1, 'dine_in', '0YVVIAmUFG', '1'),
(5, 1, 'm(4)', '2016-03-08 08:02:49', 0, 'Own', 0, 0, '', 3, 'dine_in', 'd7eabhehzT', '1'),
(6, 2, 'preperation', '2016-03-08 08:11:14', 0, 'Own', 0, 0, '', 0, 'collection', 'kPcWKlvjtc', '1'),
(7, 3, 'preperation', '2016-03-08 08:13:00', 0, 'Own', 0, 0, '', 0, 'collection', '12lUChGCOC', '1'),
(8, 1, 'confirm', '2016-03-08 08:53:18', 0, 'Own', 0, 1, '', 1, 'dine_in', '1gsGbbYAZw', '1'),
(9, 4, 'confirm', '2016-03-08 09:12:10', 1, 'Own', 3, 1, '', 0, 'delivery', 'Sd9v7glIP7', '1'),
(10, 1, 'cancel', '2016-03-08 09:15:29', 0, 'Own', 0, 0, '', 1, 'dine_in', 'WD8oNdDI8K', '1'),
(11, 1, 'confirm', '2016-03-29 00:30:52', 0, 'Own', 0, 0, '', 1, 'dine_in', '1AiXNVCB4G', '19'),
(12, 1, 'cancel', '2016-03-29 00:40:48', 0, 'Own', 0, 0, '', 1, 'dine_in', '1blSTW2tEN', '19'),
(13, 5, 'preperation', '2016-03-29 00:55:22', 0, 'Own', 0, 0, '', 0, 'collection', 'OrKTVmTEfu', '19'),
(14, 6, 'confirm', '2016-03-29 00:57:04', 1, 'Own', 2, 1, '', 0, 'delivery', 'DXUEhhXF0p', '19'),
(15, 1, 'confirm', '2016-03-29 02:39:05', 0, 'Own', 0, 0, '', 1, 'dine_in', 'czQ2vhHEBx', '19'),
(16, 1, 'confirm', '2016-03-29 02:39:19', 0, 'Own', 0, 1, '', 1, 'dine_in', '0f8iZeLxFp', '19'),
(17, 1, 'confirm', '2016-03-29 03:15:35', 0, 'Own', 0, 0, '', 1, 'dine_in', '076ZAZNDzs', '19'),
(18, 14, 'confirm', '2016-03-29 03:23:14', 1, 'Own', 2, 1, '', 0, 'delivery', '0hTZ2ZpBnS', '19'),
(19, 15, 'confirm', '2016-03-29 03:24:56', 1, 'Own', 2, 1, '', 0, 'delivery', 'fMxHV79LF9', '19'),
(20, 1, 'confirm', '2016-03-29 03:30:51', 0, 'Own', 0, 0, '', 1, 'dine_in', '16USAlDkBt', '19'),
(21, 1, 'confirm', '2016-03-29 04:32:19', 0, 'Own', 0, 0, '', 1, 'dine_in', 'fqPYmw98s5', '19'),
(22, 1, 'm(23)', '2016-03-29 04:33:43', 0, 'Own', 0, 0, '', 1, 'dine_in', '0cHNibyJN8', '19'),
(23, 1, 'confirm', '2016-03-29 04:33:58', 0, 'Own', 0, 0, '', 1, 'dine_in', 'JVlwZqPGoj', '19'),
(24, 1, 'confirm', '2016-03-29 23:21:39', 0, 'Own', 0, 0, '', 1, 'dine_in', '0foYTUgnFK', '19'),
(25, 1, 'm(24)', '2016-03-29 23:21:57', 0, 'Own', 0, 0, '', 1, 'dine_in', '1FOdFPDfjD', '19'),
(26, 19, 'confirm', '2016-03-29 23:26:25', 1, 'Own', 3, 1, '', 0, 'delivery', '0G8DzjZHnz', '19'),
(27, 20, 'confirm', '2016-03-29 23:27:18', 1, 'Own', 4, 1, '', 0, 'delivery', '0JrDObSbZF', '19'),
(28, 21, 'confirm', '2016-03-29 23:28:04', 0, 'Own', 0, 1, '', 0, 'collection', 'YeRQeX81Nk', '19'),
(29, 1, 'confirm', '2016-03-30 11:16:40', 0, 'Own', 0, 1, '', 1, 'dine_in', 'g9GdE1INVw', '19'),
(30, 1, 'confirm', '2016-03-30 11:21:54', 0, 'Own', 0, 0, '', 1, 'dine_in', 'bstNCJUQir', '19'),
(31, 24, 'preperation', '2016-03-30 11:31:52', 0, 'Own', 0, 0, '', 0, 'collection', 'PJ3PJKb64R', '19'),
(32, 1, 'confirm', '2016-03-31 02:12:11', 0, 'Own', 0, 0, '', 1, 'dine_in', 'XZRHXjyx6y', '19'),
(33, 26, 'delivered', '2016-03-31 02:14:49', 1, 'Own', 2, 0, '', 0, 'delivery', '0AOfEc8XmT', '19'),
(34, 27, 'delivered', '2016-03-31 02:17:53', 1, 'Own', 5, 0, '', 0, 'delivery', 'lb1wpp9tAB', '19'),
(35, 28, 'preperation', '2016-03-31 02:19:00', 0, 'Own', 0, 0, '', 0, 'collection', '1nWjuSCLxH', '19'),
(36, 1, 'confirm', '2016-03-31 02:21:12', 0, 'Own', 0, 0, '', 1, 'dine_in', '9fznRYnlgr', '19'),
(37, 1, 'confirm', '2016-03-31 02:22:30', 0, 'Own', 0, 0, '', 2, 'dine_in', 'efPgicY0x2', '19'),
(38, 1, 'confirm', '2016-03-31 02:24:43', 0, 'Own', 0, 0, '', 1, 'dine_in', 'yvBJv0yeiw', '19'),
(39, 1, 'confirm', '2016-03-31 02:26:03', 0, 'Own', 0, 1, '', 2, 'dine_in', '0rjlv2juUd', '19'),
(40, 1, 'confirm', '2016-03-31 04:53:03', 0, 'Own', 0, 0, '', 1, 'dine_in', 'mxPF9Ygd7U', '19'),
(41, 1, 'confirm', '2016-03-31 05:59:12', 0, 'Own', 0, 1, '', 1, 'dine_in', 'qo3cWGkRjn', '19'),
(42, 1, 'confirm', '2016-04-02 01:23:11', 0, 'Own', 0, 1, '', 1, 'dine_in', 'Gr1i4g9Wjj', '19'),
(43, 30, 'delivered', '2016-04-02 01:23:57', 1, 'Own', 3, 0, '', 0, 'delivery', 'rPWbh8nHzh', '19'),
(44, 1, 'confirm', '2016-04-02 01:37:19', 0, 'Own', 0, 0, '', 1, 'dine_in', '0g9Mmpqtky', '19'),
(45, 31, 'preperation', '2016-04-02 01:38:40', 0, 'Own', 0, 0, '', 0, 'collection', 'ecpPGeR21C', '19'),
(46, 32, 'delivered', '2016-04-02 01:39:33', 1, 'Own', 7, 0, '', 0, 'delivery', 'YIA0fnCbxn', '19'),
(47, 34, 'preperation', '2016-04-02 01:44:02', 0, 'Own', 0, 0, '', 0, 'collection', '0fyYlRmVh3', '19'),
(48, 35, 'delivered', '2016-04-02 01:44:16', 1, 'Own', 5, 0, '', 0, 'delivery', '1u3JpsoME3', '19'),
(49, 1, 'confirm', '2016-04-02 01:57:10', 0, 'Own', 0, 0, '', 1, 'dine_in', '0jK07n39BR', '19'),
(50, 1, 'confirm', '2016-04-02 01:59:11', 0, 'Own', 0, 0, '', 1, 'dine_in', '0hKjm7mXDU', '19'),
(51, 1, 'confirm', '2016-04-02 02:00:35', 0, 'Own', 0, 0, '', 2, 'dine_in', '0e1ANJE9ed', '19'),
(52, 36, 'delivered', '2016-04-02 02:03:25', 1, 'Own', 5, 0, '', 0, 'delivery', 'HST6S7GIWh', '19'),
(53, 37, 'preperation', '2016-04-02 02:04:46', 0, 'Own', 0, 0, '', 0, 'collection', 'PJ8ZZQwpOG', '19'),
(54, 39, 'preperation', '2016-04-02 02:08:19', 0, 'Own', 0, 0, '', 0, 'collection', '0xs5kN8nqn', '19'),
(55, 1, 'confirm', '2016-04-02 02:33:11', 0, 'Own', 0, 0, '', 9, 'dine_in', 'viRNQSqvSg', '19'),
(56, 1, 'confirm', '2016-04-02 03:36:50', 0, 'Own', 0, 0, '', 6, 'dine_in', '12P0CbC4EZ', '19'),
(57, 40, 'preperation', '2016-04-02 03:37:39', 0, 'Own', 0, 0, '', 0, 'collection', 'FTGrkglawD', '19'),
(58, 41, 'confirm', '2016-04-02 03:38:25', 1, 'Own', 3, 1, '', 0, 'delivery', 'I8L46mKHIt', '19'),
(59, 1, 'confirm', '2016-04-02 03:42:22', 0, 'Own', 0, 0, '', 1, 'dine_in', '2AHLMx2X2e', '19'),
(60, 42, 'unassigned', '2016-04-02 03:43:38', 0, 'Own', 0, 0, '', 0, 'delivery', 'ODkeslzIC2', '19'),
(61, 43, 'preperation', '2016-04-02 03:44:01', 0, 'Own', 0, 0, '', 0, 'collection', '030TCVBO5Z', '19'),
(62, 44, 'unassigned', '2016-04-02 03:45:22', 0, 'Own', 0, 0, '', 0, 'delivery', 'v1bYjDHGnY', '19'),
(63, 1, 'confirm', '2016-04-03 00:21:57', 0, 'Own', 0, 0, '', 1, 'dine_in', '0cc0ZI3oA5', '19'),
(64, 45, 'unassigned', '2016-04-03 00:23:22', 0, 'Own', 0, 0, '', 0, 'delivery', 'QZrOgl6WtY', '19'),
(65, 46, 'preperation', '2016-04-03 00:23:56', 0, 'Own', 0, 0, '', 0, 'collection', 'rnl2ZnCXU0', '19'),
(66, 1, 'confirm', '2016-04-03 05:48:15', 0, 'Own', 0, 0, '', 1, 'dine_in', '0HjNHLm7Jb', '19'),
(67, 48, 'unassigned', '2016-04-03 05:50:32', 0, 'Own', 0, 0, '', 0, 'delivery', '7ZOdIwKNAm', '19'),
(68, 1, 'confirm', '2016-04-03 06:12:12', 0, 'Own', 0, 0, '', 1, 'dine_in', '1qtWojyWpy', '19'),
(69, 1, 'confirm', '2016-04-03 07:16:03', 0, 'Own', 0, 0, '', 1, 'dine_in', '0eIvYEaG4o', '19'),
(70, 49, 'unassigned', '2016-04-03 07:18:03', 0, 'Own', 0, 0, '', 0, 'delivery', 'tHLyKiDvPl', '19'),
(71, 50, 'preperation', '2016-04-03 07:18:45', 0, 'Own', 0, 0, '', 0, 'collection', '1Hh10THh66', '19'),
(72, 51, 'confirm', '2016-04-03 07:20:44', 1, 'Own', 5, 1, '', 0, 'delivery', '74fhLCJt7Z', '19'),
(73, 1, 'confirm', '2016-04-03 07:24:26', 0, 'Own', 0, 1, '', 1, 'dine_in', '1RcttnEJuO', '19'),
(74, 1, 'confirm', '2016-04-03 07:53:54', 0, 'Own', 0, 0, '', 2, 'dine_in', '0VPVEhGrT3', '19'),
(75, 52, 'confirm', '2016-04-03 07:55:22', 1, 'Own', 5, 1, '', 0, 'delivery', 'lFQ9CrKML0', '19'),
(76, 53, 'confirm', '2016-04-03 07:56:01', 0, 'Own', 0, 1, '', 0, 'collection', '1YuCtN0QRs', '19'),
(77, 1, 'confirm', '2016-04-04 07:47:05', 0, 'Own', 0, 0, '', 1, 'dine_in', 'auYu60TW24', '19'),
(78, 1, 'confirm', '2016-04-04 07:49:03', 0, 'Own', 0, 0, '', 11, 'dine_in', 'eWvqcEu68P', '19'),
(79, 1, 'm(78)', '2016-04-04 07:49:20', 0, 'Own', 0, 0, '', 11, 'dine_in', '16i0SgsVq0', '19'),
(80, 1, 'confirm', '2016-04-04 07:51:09', 0, 'Own', 0, 0, '', 3, 'dine_in', 'l9Ao3J1gdH', '19'),
(81, 1, 'm(80)', '2016-04-04 07:51:25', 0, 'Own', 0, 0, '', 4, 'dine_in', '1bTD0eVueL', '19'),
(82, 55, 'confirm', '2016-04-04 07:53:42', 0, 'Own', 0, 1, '', 0, 'collection', 'chpdH00IG8', '19'),
(83, 56, 'delivered', '2016-04-04 07:54:41', 1, 'Own', 5, 0, '', 0, 'delivery', 'jZYCkza4s2', '19'),
(84, 1, 'confirm', '2016-04-04 07:55:33', 0, 'Own', 0, 0, '', 1, 'dine_in', '1GixzSQVd9', '19'),
(85, 1, 'confirm', '2016-04-04 08:05:53', 0, 'Own', 0, 0, '', 1, 'dine_in', '1NPplHGEnl', '19'),
(86, 1, 'confirm', '2016-04-04 08:08:50', 0, 'Own', 0, 0, '', 1, 'dine_in', 'MhofSIypCK', '19'),
(87, 1, 'confirm', '2016-04-04 09:48:50', 0, 'Own', 0, 0, '', 7, 'dine_in', 'jVwuWufCb9', '19'),
(88, 1, 'confirm', '2016-04-04 10:08:28', 0, 'Own', 0, 0, '', 1, 'dine_in', 'Fb3h6ytKxM', '19'),
(89, 1, 'confirm', '2016-04-04 10:10:20', 0, 'Own', 0, 0, '', 1, 'dine_in', 'p9DSrPponp', '19'),
(90, 57, 'delivered', '2016-04-04 10:13:33', 1, 'Own', 5, 0, '', 0, 'delivery', 'VPg16lLSm6', '19'),
(91, 1, 'confirm', '2016-04-04 11:21:23', 0, 'Own', 0, 0, '', 1, 'dine_in', 'VzaHZ3te0H', '19'),
(92, 1, 'confirm', '2016-04-04 11:48:36', 0, 'Own', 0, 0, '', 1, 'dine_in', '1lOwQyWP39', '19'),
(93, 1, 'confirm', '2016-04-04 13:28:41', 0, 'Own', 0, 0, '', 1, 'dine_in', '1LdjoyubaW', '19'),
(94, 1, 'confirm', '2016-04-04 13:32:29', 0, 'Own', 0, 0, '', 1, 'dine_in', 'wrIEUNtaZ1', '19'),
(95, 1, 'confirm', '2016-04-04 13:36:22', 0, 'Own', 0, 0, '', 2, 'dine_in', 'eROGm6nWTu', '19'),
(96, 1, 'confirm', '2016-04-05 04:30:51', 0, 'Own', 0, 0, '', 3, 'dine_in', 'qTcyUPhwWv', '19'),
(97, 1, 'cancel', '2016-04-05 05:01:15', 0, 'Own', 0, 0, '', 1, 'dine_in', '1FWjhJU8Ly', '19'),
(98, 1, 'cancel', '2016-04-05 05:02:12', 0, 'Own', 0, 0, '', 7, 'dine_in', '0StcOG8wo4', '19'),
(99, 58, 'delivered', '2016-04-05 05:03:40', 1, 'Own', 5, 0, '', 0, 'delivery', 'B4y7KLY2Gj', '19'),
(100, 59, 'delivered', '2016-04-05 05:05:06', 1, 'Own', 4, 0, '', 0, 'delivery', '1NOtwmIh2D', '19'),
(101, 60, 'delivered', '2016-04-05 05:06:04', 1, 'Own', 8, 0, '', 0, 'delivery', 'NtALJwe3mA', '19'),
(102, 61, 'delivered', '2016-04-05 05:07:19', 1, 'Own', 7, 0, '', 0, 'delivery', 'eBf1pOZIGu', '19'),
(103, 62, 'delivered', '2016-04-05 05:08:08', 1, 'Own', 3, 0, '', 0, 'delivery', '0OuPUw7dtW', '19'),
(104, 63, 'delivered', '2016-04-05 05:08:59', 1, 'Own', 2, 0, '', 0, 'delivery', '6rx3RoQwZ3', '19'),
(105, 64, 'delivered', '2016-04-05 05:09:48', 1, 'Own', 1, 0, '', 0, 'delivery', '03cP3BrABV', '19'),
(106, 65, 'delivered', '2016-04-05 05:10:31', 1, 'Own', 2, 0, '', 0, 'delivery', '1K7fUMngec', '19'),
(107, 65, 'delivered', '2016-04-05 06:08:03', 1, 'Own', 2, 0, '', 0, 'delivery', '15Scv2kGmI', '19'),
(108, 4, 'unassigned', '2016-04-05 06:10:43', 0, 'Own', 0, 0, '', 0, 'delivery', '6bAGLRKzZf', '19'),
(109, 1, 'confirm', '2016-04-06 11:53:07', 0, 'Own', 0, 0, '', 3, 'dine_in', 'dH3W9YSaaw', '19'),
(110, 67, 'confirm', '2016-04-06 11:54:46', 0, 'Own', 0, 1, '', 0, 'collection', '0sXwCoOp8N', '19'),
(111, 68, 'confirm', '2016-04-06 11:55:46', 0, 'Own', 0, 1, '', 0, 'delivery', '1Wd6aWHRvo', '19'),
(112, 1, 'confirm', '2016-04-09 05:31:13', 0, 'Own', 0, 1, '', 1, 'dine_in', '0KofK1qXPM', '19'),
(113, 1, 'confirm', '2016-04-09 05:44:43', 0, 'Own', 0, 1, '', 1, 'dine_in', '1zvKBygDg1', '19'),
(114, 69, 'unassigned', '2016-04-09 05:53:44', 0, 'Own', 0, 0, '', 0, 'delivery', 'kZT4b947AQ', '19'),
(115, 70, 'confirm', '2016-04-09 05:56:39', 0, 'Own', 0, 1, '', 0, 'collection', '41iANf5gEq', '19'),
(116, 1, 'confirm', '2016-04-11 07:40:29', 0, 'Own', 0, 1, '', 1, 'dine_in', '0a9SJtFFVL', '19'),
(117, 1, 'confirm', '2016-04-11 07:44:15', 0, 'Own', 0, 1, '', 1, 'dine_in', '0NEaXJrhne', '19'),
(118, 1, 'confirm', '2016-04-11 08:32:52', 0, 'Own', 0, 1, '', 1, 'dine_in', '18NLyrNNho', '19'),
(119, 1, 'confirm', '2016-04-15 05:41:30', 0, 'Own', 0, 1, '', 1, 'dine_in', '5p0uHjSiIL', '19'),
(120, 72, 'confirm', '2016-04-15 05:52:20', 1, 'Own', 1, 1, '', 0, 'delivery', '1HEtPuhThr', '19'),
(121, 73, 'preperation', '2016-04-15 07:56:11', 0, 'Own', 0, 0, '', 0, 'collection', 'GL5shwNvJM', '19'),
(122, 72, 'delivered', '2016-04-15 07:57:52', 1, 'Own', 4, 0, '', 0, 'delivery', '1QLk7PX4bM', '19'),
(123, 1, 'draft', '2016-04-15 07:58:25', 0, 'Own', 0, 0, '', 8, 'dine_in', 'oe2S5JUY9X', '19'),
(124, 1, 'draft', '2016-04-15 12:29:20', 0, 'Own', 0, 0, '', 11, 'dine_in', '0i9xqdiCwT', '19'),
(125, 1, 'draft', '2016-04-15 12:50:02', 0, 'Own', 0, 0, '', 5, 'dine_in', '1GroghaZYV', '19'),
(126, 72, 'delivered', '2016-04-15 12:50:40', 1, 'Own', 5, 0, '', 0, 'delivery', 'Ga7yLYFB09', '19'),
(127, 73, 'preperation', '2016-04-15 12:53:04', 0, 'Own', 0, 0, '', 0, 'collection', '1SrOrlqRSQ', '19'),
(128, 75, 'confirm', '2016-04-16 05:12:23', 1, 'Own', 5, 1, '', 0, 'delivery', '1ccfIqr6Wo', '29'),
(129, 1, 'confirm', '2016-04-16 06:05:13', 0, 'Own', 0, 0, '', 1, 'dine_in', 'pdp5oqnsFD', '19'),
(130, 1, 'confirm', '2016-04-16 06:06:17', 0, 'Own', 0, 0, '', 2, 'dine_in', 'GTNZh00ZEx', '19'),
(131, 1, 'confirm', '2016-04-16 06:07:02', 0, 'Own', 0, 0, '', 13, 'dine_in', '079L9oFYvX', '19'),
(132, 1, 'confirm', '2016-04-16 06:07:46', 0, 'Own', 0, 0, '', 3, 'dine_in', '0zIclp3RSD', '19'),
(133, 1, 'confirm', '2016-04-16 06:08:58', 0, 'Own', 0, 0, '', 1, 'dine_in', 'W6SGNk3OqI', '19'),
(134, 1, 'confirm', '2016-04-16 06:09:12', 0, 'Own', 0, 0, '', 1, 'dine_in', 'Wl4fhiZRIy', '19'),
(135, 1, 'cancel', '2016-04-16 06:18:50', 0, 'Own', 0, 0, '', 1, 'dine_in', 'cUIKcvk1l7', '19'),
(136, 76, 'preperation', '2016-04-16 06:20:06', 0, 'Own', 0, 0, '', 0, 'collection', '0T6gxJwgqw', '19'),
(137, 77, 'delivered', '2016-04-16 06:20:45', 1, 'Own', 7, 0, '', 0, 'delivery', '1BfgVhZxid', '19'),
(138, 1, 'm(139)', '2016-04-16 07:48:04', 0, 'Own', 0, 0, '', 1, 'dine_in', '07Q4u1yN06', '19'),
(139, 1, 'confirm', '2016-04-16 07:48:17', 0, 'Own', 0, 0, '', 2, 'dine_in', 'A0JbQEnDxV', '19'),
(140, 78, 'unassigned', '2016-04-16 09:27:22', 0, 'Own', 0, 0, '', 0, 'delivery', '0Jne6DmJIW', '19'),
(141, 1, 'confirm', '2016-04-16 10:26:00', 0, 'Own', 0, 1, '', 1, 'dine_in', 'YXFbnAekfi', '19'),
(142, 1, 'm(143)', '2016-04-16 10:28:50', 0, 'Own', 0, 0, '', 1, 'dine_in', '13wZQ1F5jH', '19'),
(143, 1, 'confirm', '2016-04-16 10:29:07', 0, 'Own', 0, 0, '', 1, 'dine_in', '1lx6VpMvJm', '19'),
(144, 79, 'preperation', '2016-04-16 10:31:08', 0, 'Own', 0, 0, '', 0, 'collection', '0IaFJfs5cp', '19'),
(145, 80, 'delivered', '2016-04-16 10:31:57', 1, 'Own', 2, 0, '', 0, 'delivery', '0IYefTHxwe', '19'),
(146, 1, 'draft', '2016-04-16 14:08:33', 0, 'Own', 0, 0, '', 1, 'dine_in', '0tjL1qK3Pv', '19'),
(147, 72, 'delivered', '2016-04-16 14:09:36', 1, 'Own', 6, 0, '', 0, 'delivery', '14oVivz0nW', '19'),
(148, 72, 'confirm', '2016-04-16 14:10:58', 0, 'Own', 0, 1, '', 0, 'collection', '1wV86KH2Y0', '19'),
(149, 1, 'cancel', '2016-04-18 05:46:20', 0, 'Own', 0, 0, '', 3, 'dine_in', '0ZcBOI8Yix', '19'),
(150, 1, 'confirm', '2016-04-19 04:26:15', 0, 'Own', 0, 0, '', 11, 'dine_in', '1WQxHyJi40', '19'),
(151, 1, 'confirm', '2016-04-19 04:27:58', 0, 'Own', 0, 0, '', 13, 'dine_in', 'HqBYNxusrP', '19'),
(152, 82, 'preperation', '2016-04-19 04:30:32', 0, 'Own', 0, 0, '', 0, 'collection', '06csF6JcFO', '19'),
(153, 83, 'delivered', '2016-04-19 04:32:06', 1, 'Own', 5, 0, '', 0, 'delivery', '59OrNTyzST', '19'),
(154, 1, 'm(155)', '2016-04-19 04:33:35', 0, 'Own', 0, 0, '', 1, 'dine_in', 'FYbIjhss6m', '19'),
(155, 1, 'confirm', '2016-04-19 04:33:50', 0, 'Own', 0, 0, '', 2, 'dine_in', 'Zi80tx0WTp', '19'),
(156, 82, 'delivered', '2016-04-19 05:00:48', 1, 'Own', 5, 0, '', 0, 'delivery', '0c9BCXEXtt', '19'),
(157, 82, 'delivered', '2016-04-19 05:02:34', 1, 'Own', 5, 0, '', 0, 'delivery', '1eXS3Smi3K', '19'),
(158, 82, 'delivered', '2016-04-19 05:05:52', 1, 'Own', 4, 0, '', 0, 'delivery', 'ebcLaGekhO', '19'),
(159, 80, 'delivered', '2016-04-19 05:08:22', 1, 'Own', 2, 0, '', 0, 'delivery', '4mJQe4T5Co', '19'),
(160, 80, 'delivered', '2016-04-19 05:10:13', 1, 'Own', 2, 0, '', 0, 'delivery', 'Kbq0Hex4w5', '19'),
(161, 79, 'preperation', '2016-04-19 05:12:01', 0, 'Own', 0, 0, '', 0, 'collection', '1iVaM1UpzY', '19'),
(162, 80, 'delivered', '2016-04-19 05:18:24', 1, 'Own', 4, 0, '', 0, 'delivery', 'WSI8vLNudw', '19'),
(163, 79, 'preperation', '2016-04-19 05:19:56', 0, 'Own', 0, 0, '', 0, 'collection', '0hGBkZdvf6', '19'),
(164, 78, 'delivered', '2016-04-19 05:20:49', 1, 'Own', 6, 0, '', 0, 'delivery', '0G6g9tGr5Y', '19'),
(165, 87, 'preperation', '2016-04-19 05:32:42', 0, 'Own', 0, 0, '', 0, 'collection', '168oRcCv1h', '19'),
(166, 87, 'preperation', '2016-04-19 05:33:30', 0, 'Own', 0, 0, '', 0, 'collection', 'mKJl8Epf13', '19'),
(167, 87, 'delivered', '2016-04-19 05:34:09', 1, 'Own', 6, 0, '', 0, 'delivery', 'q6F2kl3GCa', '19'),
(168, 72, 'delivered', '2016-04-19 09:30:09', 1, 'Own', 6, 0, '', 0, 'delivery', 'BMpG7BtRzA', '19'),
(169, 1, 'draft', '2016-04-19 09:30:52', 0, 'Own', 0, 0, '', 10, 'dine_in', '1RU0pv1DIE', '19'),
(170, 1, 'draft', '2016-04-19 09:38:21', 0, 'Own', 0, 0, '', 6, 'dine_in', '1kyRGMUoxs', '19'),
(171, 1, 'confirm', '2016-04-23 08:39:37', 0, 'Own', 0, 0, '', 1, 'dine_in', '05Rv4cwHKI', '19'),
(172, 1, 'confirm', '2016-04-23 08:41:54', 0, 'Own', 0, 0, '', 1, 'dine_in', '1luIh5z9yC', '19'),
(173, 89, 'delivered', '2016-04-23 08:47:35', 1, 'Own', 2, 0, '', 0, 'delivery', 'Ry7ane8uug', '19'),
(174, 90, 'delivered', '2016-04-23 08:49:25', 1, 'Own', 2, 0, '', 0, 'delivery', '0heiD0syx5', '19'),
(175, 91, 'preperation', '2016-04-23 08:50:34', 0, 'Own', 0, 0, '', 0, 'collection', '1t1DgCCL6m', '19'),
(176, 93, 'unassigned', '2016-04-23 08:57:41', 0, 'Own', 0, 0, '', 0, 'delivery', '1mPzvvf2Za', '19'),
(178, 92, 'unassigned', '2016-04-23 09:09:09', 0, 'Own', 0, 0, '', 0, 'delivery', '1oicTKQLbh', '19'),
(179, 72, 'delivered', '2016-04-30 07:39:08', 1, 'Own', 4, 0, '', 0, 'delivery', 'vxra00xzBh', '19'),
(180, 1, 'draft', '2016-04-30 07:41:35', 0, 'Own', 0, 0, '', 6, 'dine_in', '163v2xoI2r', '19'),
(181, 1, 'confirm', '2016-04-30 07:42:29', 0, 'Own', 0, 1, '', 6, 'dine_in', '0qjLVCIo1o', '19'),
(182, 1, 'confirm', '2016-05-09 08:01:48', 0, 'Own', 0, 1, '', 1, 'dine_in', 'ChXKyeihAU', '19');

-- --------------------------------------------------------

--
-- Table structure for table `sale_order_line_1`
--

CREATE TABLE IF NOT EXISTS `sale_order_line_1` (
  `order_line_id` int(10) NOT NULL AUTO_INCREMENT,
  `order_id` int(10) NOT NULL,
  `product_id` int(10) NOT NULL,
  `product_name` varchar(100) NOT NULL,
  `product_template_id` int(10) NOT NULL,
  `qty` int(10) NOT NULL,
  `uom` int(10) NOT NULL,
  `price` float NOT NULL,
  `discount` float DEFAULT NULL,
  `special_notes` varchar(100) DEFAULT NULL,
  `extra_ids` varchar(100) DEFAULT NULL,
  `TEST` varchar(255) NOT NULL,
  PRIMARY KEY (`order_line_id`),
  KEY `sale_order_line_ibfk_1` (`order_id`)
) ENGINE=InnoDB  DEFAULT CHARSET=latin1 AUTO_INCREMENT=445 ;

--
-- Dumping data for table `sale_order_line_1`
--

INSERT INTO `sale_order_line_1` (`order_line_id`, `order_id`, `product_id`, `product_name`, `product_template_id`, `qty`, `uom`, `price`, `discount`, `special_notes`, `extra_ids`, `TEST`) VALUES
(1, 1, 1, 'pongal', 1, 1, 1, 30, 0, '', '', ''),
(2, 1, 2, 'Idly(set of 3)', 2, 1, 1, 20, 0, '', '', ''),
(3, 3, 1, 'pongal', 1, 1, 1, 30, 0, '', '', ''),
(4, 3, 2, 'Idly(set of 3)', 2, 1, 1, 20, 0, '', '', ''),
(5, 3, 3, 'chicken Biriyani', 3, 1, 1, 80, 0, '', '', ''),
(6, 3, 4, 'mutton biriyani', 4, 1, 1, 180, 0, '', '', ''),
(7, 4, 1, 'pongal', 1, 1, 1, 30, 0, '', '', ''),
(8, 4, 2, 'Idly(set of 3)', 2, 1, 1, 20, 0, '', '', ''),
(9, 4, 3, 'chicken Biriyani', 3, 1, 1, 80, 0, '', '', ''),
(10, 4, 5, 'sweet corn soup', 5, 1, 1, 35, 0, '', '', ''),
(11, 4, 6, 'appy fish(200ml)', 6, 1, 1, 25, 0, '', '', ''),
(12, 6, 1, 'pongal', 1, 3, 1, 90, 0, '', '', ''),
(13, 7, 1, 'pongal', 1, 2, 1, 60, 0, '', '', ''),
(14, 7, 2, 'Idly(set of 3)', 2, 2, 1, 40, 0, '', '', ''),
(15, 8, 1, 'pongal', 1, 1, 1, 30, 0, '', '', ''),
(16, 9, 3, 'chicken Biriyani', 3, 1, 1, 80, 0, '', '', ''),
(17, 9, 4, 'mutton biriyani', 4, 1, 1, 180, 0, '', '', ''),
(18, 10, 1, 'pongal', 1, 1, 1, 30, 0, '', '', ''),
(19, 10, 2, 'Idly(set of 3)', 2, 1, 1, 20, 0, '', '', ''),
(20, 11, 1, 'pongal', 1, 1, 1, 30, 0, '', '', ''),
(21, 11, 2, 'Idly(set of 3)', 2, 1, 1, 20, 0, '', '', ''),
(22, 12, 2, 'Idly(set of 3)', 2, 1, 1, 20, 0, '', '', ''),
(23, 12, 1, 'pongal', 1, 1, 1, 30, 0, '', '', ''),
(24, 13, 1, 'pongal', 1, 1, 1, 30, 0, '', '', ''),
(25, 13, 2, 'Idly(set of 3)', 2, 1, 1, 20, 0, '', '', ''),
(26, 14, 2, 'Idly(set of 3)', 2, 1, 1, 20, 0, '', '', ''),
(27, 14, 1, 'pongal', 1, 1, 1, 30, 0, '', '', ''),
(28, 15, 2, 'Idly(set of 3)', 2, 1, 1, 20, 0, '', '', ''),
(29, 15, 1, 'pongal', 1, 1, 1, 30, 0, '', '', ''),
(30, 15, 1, 'pongal', 1, 1, 1, 30, 0, '', '', ''),
(31, 16, 1, 'pongal', 1, 1, 1, 30, 0, '', '', ''),
(32, 16, 2, 'Idly(set of 3)', 2, 1, 1, 20, 0, '', '', ''),
(33, 17, 1, 'pongal', 1, 2, 1, 60, 0, '', '', ''),
(34, 17, 2, 'Idly(set of 3)', 2, 1, 1, 20, 0, '', '', ''),
(35, 18, 1, 'pongal', 1, 2, 1, 60, 0, '', '', ''),
(36, 18, 2, 'Idly(set of 3)', 2, 2, 1, 40, 0, '', '', ''),
(37, 19, 1, 'pongal', 1, 1, 1, 30, 0, '', '', ''),
(38, 19, 2, 'Idly(set of 3)', 2, 1, 1, 20, 0, '', '', ''),
(39, 20, 1, 'pongal', 1, 1, 1, 30, 0, '', '', ''),
(40, 21, 3, 'chicken Biriyani', 3, 1, 1, 80, 0, '', '', ''),
(41, 21, 4, 'mutton biriyani', 4, 1, 1, 180, 0, '', '', ''),
(42, 21, 10, 'manjurian', 10, 1, 1, 50, 0, '', '', ''),
(43, 23, 3, 'chicken Biriyani', 3, 1, 1, 80, 0, '', '', ''),
(44, 23, 4, 'mutton biriyani', 4, 1, 1, 180, 0, '', '', ''),
(45, 23, 3, 'chicken Biriyani', 3, 1, 1, 80, 0, '', '', ''),
(46, 23, 4, 'mutton biriyani', 4, 1, 1, 180, 0, '', '', ''),
(47, 24, 1, 'pongal', 1, 2, 1, 60, 0, '', '', ''),
(48, 24, 2, 'Idly(set of 3)', 2, 2, 1, 40, 0, '', '', ''),
(49, 24, 1, 'pongal', 1, 2, 1, 60, 0, '', '', ''),
(50, 24, 2, 'Idly(set of 3)', 2, 2, 1, 40, 0, '', '', ''),
(51, 26, 2, 'Idly(set of 3)', 2, 1, 1, 20, 0, '', '', ''),
(52, 26, 1, 'pongal', 1, 1, 1, 30, 0, '', '', ''),
(53, 27, 5, 'sweet corn soup', 5, 4, 1, 140, 0, '', '', ''),
(54, 28, 2, 'Idly(set of 3)', 2, 6, 1, 120, 0, '', '', ''),
(55, 28, 1, 'pongal', 1, 4, 1, 120, 0, '', '', ''),
(56, 29, 2, 'Idly(set of 3)', 2, 1, 1, 20, 0, '', '', ''),
(57, 29, 5, 'sweet corn soup', 5, 1, 1, 35, 0, '', '', ''),
(58, 30, 1, 'pongal', 1, 1, 1, 30, 0, '', '', ''),
(59, 30, 2, 'Idly(set of 3)', 2, 1, 1, 20, 0, '', '', ''),
(60, 30, 3, 'chicken Biriyani', 3, 1, 1, 80, 0, '', '', ''),
(61, 31, 2, 'Idly(set of 3)', 2, 1, 1, 20, 0, '', '', ''),
(62, 31, 1, 'pongal', 1, 1, 1, 30, 0, '', '', ''),
(63, 32, 1, 'pongal', 1, 1, 1, 30, 0, '', '', ''),
(64, 32, 2, 'Idly(set of 3)', 2, 1, 1, 20, 0, '', '', ''),
(65, 33, 3, 'chicken Biriyani', 3, 1, 1, 80, 0, '', '', ''),
(66, 33, 4, 'mutton biriyani', 4, 1, 1, 180, 0, '', '', ''),
(67, 34, 1, 'pongal', 1, 2, 1, 60, 0, '', '', ''),
(68, 34, 2, 'Idly(set of 3)', 2, 2, 1, 40, 0, '', '', ''),
(69, 35, 8, 'cazatta', 8, 2, 1, 80, 0, '', '', ''),
(70, 35, 9, 'choco brownie', 9, 2, 1, 150, 0, '', '', ''),
(71, 36, 1, 'pongal', 1, 1, 1, 30, 0, '', '', ''),
(72, 36, 2, 'Idly(set of 3)', 2, 1, 1, 20, 0, '', '', ''),
(73, 36, 1, 'pongal', 1, 1, 1, 30, 0, '', '', ''),
(74, 36, 2, 'Idly(set of 3)', 2, 1, 1, 20, 0, '', '', ''),
(75, 37, 1, 'pongal', 1, 1, 1, 30, 0, '', '', ''),
(76, 37, 2, 'Idly(set of 3)', 2, 1, 1, 20, 0, '', '', ''),
(77, 38, 1, 'pongal', 1, 1, 1, 30, 0, '', '', ''),
(78, 38, 2, 'Idly(set of 3)', 2, 1, 1, 20, 0, '', '', ''),
(79, 39, 1, 'pongal', 1, 1, 1, 30, 0, '', '', ''),
(80, 39, 2, 'Idly(set of 3)', 2, 2, 1, 40, 0, '', '', ''),
(81, 40, 1, 'pongal', 1, 2, 1, 60, 0, '', '', ''),
(82, 41, 1, 'pongal', 1, 1, 1, 30, 0, '', '', ''),
(83, 41, 2, 'Idly(set of 3)', 2, 1, 1, 20, 0, '', '', ''),
(84, 42, 1, 'pongal', 1, 1, 1, 30, 0, '', '', ''),
(85, 43, 1, 'pongal', 1, 1, 1, 30, 0, '', '', ''),
(86, 43, 2, 'Idly(set of 3)', 2, 1, 1, 20, 0, '', '', ''),
(87, 44, 11, 'chicken noodles', 11, 1, 1, 100, 0, '', '', ''),
(88, 44, 12, 'chineese style mixed non-veg noodles', 12, 1, 1, 120, 0, '', '', ''),
(89, 45, 2, 'Idly(set of 3)', 2, 1, 1, 20, 0, '', '', ''),
(90, 46, 3, 'chicken Biriyani', 3, 1, 1, 80, 0, '', '', ''),
(91, 47, 2, 'Idly(set of 3)', 2, 1, 1, 20, 0, '', '', ''),
(92, 48, 6, 'appy fish(200ml)', 6, 1, 1, 25, 0, '', '', ''),
(93, 48, 7, 'maaza(200ml)', 7, 1, 1, 25, 0, '', '', ''),
(94, 49, 11, 'chicken noodles', 11, 1, 1, 100, 0, '', '', ''),
(95, 49, 12, 'chineese style mixed non-veg noodles', 12, 1, 1, 120, 0, '', '', ''),
(96, 49, 13, 'raagi semiya', 13, 1, 1, 25, 0, '', '', ''),
(97, 49, 9, 'choco brownie', 9, 1, 1, 75, 0, '', '', ''),
(98, 50, 1, 'pongal', 1, 1, 1, 30, 0, '', '', ''),
(99, 50, 2, 'Idly(set of 3)', 2, 1, 1, 20, 0, '', '', ''),
(100, 51, 1, 'pongal', 1, 1, 1, 30, 0, '', '', ''),
(101, 51, 2, 'Idly(set of 3)', 2, 1, 1, 20, 0, '', '', ''),
(102, 51, 6, 'appy fish(200ml)', 6, 1, 1, 25, 0, '', '', ''),
(103, 52, 3, 'chicken Biriyani', 3, 1, 1, 80, 0, '', '', ''),
(104, 53, 13, 'raagi semiya', 13, 1, 1, 25, 0, '', '', ''),
(105, 54, 1, 'pongal', 1, 1, 1, 30, 0, '', '', ''),
(106, 54, 2, 'Idly(set of 3)', 2, 2, 1, 40, 0, '', '', ''),
(107, 55, 1, 'pongal', 1, 1, 1, 30, 0, '', '', ''),
(108, 55, 2, 'Idly(set of 3)', 2, 1, 1, 20, 0, '', '', ''),
(109, 56, 8, 'cazatta', 8, 1, 1, 40, 0, '', '', ''),
(110, 56, 9, 'choco brownie', 9, 1, 1, 75, 0, '', '', ''),
(111, 57, 13, 'raagi semiya', 13, 1, 1, 25, 0, '', '', ''),
(112, 58, 3, 'chicken Biriyani', 3, 1, 1, 80, 0, '', '', ''),
(113, 58, 4, 'mutton biriyani', 4, 1, 1, 180, 0, '', '', ''),
(114, 59, 1, 'pongal', 1, 1, 1, 30, 0, '', '', ''),
(115, 59, 2, 'Idly(set of 3)', 2, 1, 1, 20, 0, '', '', ''),
(116, 59, 6, 'appy fish(200ml)', 6, 1, 1, 25, 0, '', '', ''),
(117, 60, 1, 'pongal', 1, 1, 1, 30, 0, '', '', ''),
(118, 60, 2, 'Idly(set of 3)', 2, 3, 1, 60, 0, '', '', ''),
(119, 61, 3, 'chicken Biriyani', 3, 1, 1, 80, 0, '', '', ''),
(120, 61, 4, 'mutton biriyani', 4, 1, 1, 180, 0, '', '', ''),
(121, 61, 10, 'manjurian', 10, 1, 1, 50, 0, '', '', ''),
(122, 62, 1, 'pongal', 1, 1, 1, 30, 0, '', '', ''),
(123, 62, 2, 'Idly(set of 3)', 2, 2, 1, 40, 0, '', '', ''),
(124, 63, 2, 'Idly(set of 3)', 2, 1, 1, 20, 0, '', '', ''),
(125, 63, 1, 'pongal', 1, 1, 1, 30, 0, '', '', ''),
(126, 64, 1, 'pongal', 1, 1, 1, 30, 0, '', '', ''),
(127, 64, 2, 'Idly(set of 3)', 2, 2, 1, 40, 0, '', '', ''),
(128, 65, 6, 'appy fish(200ml)', 6, 2, 1, 50, 0, '', '', ''),
(129, 65, 7, 'maaza(200ml)', 7, 2, 1, 50, 0, '', '', ''),
(130, 66, 1, 'pongal', 1, 1, 1, 30, 0, '', '', ''),
(131, 66, 2, 'Idly(set of 3)', 2, 1, 1, 20, 0, '', '', ''),
(132, 67, 1, 'pongal', 1, 1, 1, 30, 0, '', '', ''),
(133, 67, 2, 'Idly(set of 3)', 2, 1, 1, 20, 0, '', '', ''),
(134, 68, 1, 'pongal', 1, 2, 1, 60, 0, '', '', ''),
(135, 68, 2, 'Idly(set of 3)', 2, 1, 1, 20, 0, '', '', ''),
(136, 69, 1, 'pongal', 1, 1, 1, 30, 0, '', '', ''),
(137, 69, 2, 'Idly(set of 3)', 2, 1, 1, 20, 0, '', '', ''),
(138, 70, 5, 'sweet corn soup', 5, 1, 1, 35, 0, '', '', ''),
(139, 70, 8, 'cazatta', 8, 1, 1, 40, 0, '', '', ''),
(140, 70, 9, 'choco brownie', 9, 1, 1, 75, 0, '', '', ''),
(141, 71, 1, 'pongal', 1, 1, 1, 30, 0, '', '', ''),
(142, 71, 2, 'Idly(set of 3)', 2, 1, 1, 20, 0, '', '', ''),
(143, 72, 6, 'appy fish(200ml)', 6, 1, 1, 25, 0, '', '', ''),
(144, 72, 7, 'maaza(200ml)', 7, 1, 1, 25, 0, '', '', ''),
(145, 72, 1, 'pongal', 1, 1, 1, 30, 0, '', '', ''),
(146, 72, 2, 'Idly(set of 3)', 2, 1, 1, 20, 0, '', '', ''),
(147, 73, 1, 'pongal', 1, 3, 1, 90, 0, '', '', ''),
(148, 74, 3, 'chicken Biriyani', 3, 1, 1, 80, 0, '', '', ''),
(149, 74, 4, 'mutton biriyani', 4, 1, 1, 180, 0, '', '', ''),
(150, 75, 2, 'Idly(set of 3)', 2, 1, 1, 20, 0, '', '', ''),
(151, 76, 2, 'Idly(set of 3)', 2, 1, 1, 20, 0, '', '', ''),
(152, 77, 1, 'Pongal', 1, 1, 1, 35, 0, '', '', ''),
(153, 77, 2, 'Idly(set of 3)', 2, 1, 1, 20, 0, '', '', ''),
(154, 78, 14, 'apple pie desert(piece of 2)', 14, 1, 1, 120, 0, '', '', ''),
(155, 78, 12, 'chineese style mixed non-veg noodles', 12, 1, 1, 120, 0, '', '', ''),
(156, 78, 13, 'raagi semiya', 13, 1, 1, 25, 0, '', '', ''),
(157, 78, 9, 'choco brownie', 9, 1, 1, 75, 0, '', '', ''),
(158, 78, 8, 'cazatta', 8, 1, 1, 40, 0, '', '', ''),
(159, 78, 6, 'appy fish(200ml)', 6, 1, 1, 25, 0, '', '', ''),
(160, 78, 7, 'maaza(200ml)', 7, 1, 1, 25, 0, '', '', ''),
(161, 78, 5, 'sweet corn soup', 5, 1, 1, 35, 0, '', '', ''),
(162, 78, 3, 'chicken Biriyani', 3, 1, 1, 80, 0, '', '', ''),
(163, 78, 4, 'mutton biriyani', 4, 1, 1, 180, 0, '', '', ''),
(164, 78, 1, 'Pongal', 1, 1, 1, 35, 0, '', '', ''),
(165, 78, 2, 'Idly(set of 3)', 2, 1, 1, 20, 0, '', '', ''),
(166, 78, 1, 'Pongal', 1, 1, 1, 35, 0, '', '', ''),
(167, 78, 2, 'Idly(set of 3)', 2, 1, 1, 20, 0, '', '', ''),
(168, 80, 1, 'Pongal', 1, 1, 1, 35, 0, '', '', ''),
(169, 80, 2, 'Idly(set of 3)', 2, 1, 1, 20, 0, '', '', ''),
(170, 80, 3, 'chicken Biriyani', 3, 1, 1, 80, 0, '', '', ''),
(171, 80, 4, 'mutton biriyani', 4, 1, 1, 180, 0, '', '', ''),
(172, 80, 5, 'sweet corn soup', 5, 1, 1, 35, 0, '', '', ''),
(173, 80, 6, 'appy fish(200ml)', 6, 1, 1, 25, 0, '', '', ''),
(174, 80, 7, 'maaza(200ml)', 7, 1, 1, 25, 0, '', '', ''),
(175, 80, 8, 'cazatta', 8, 1, 1, 40, 0, '', '', ''),
(176, 80, 9, 'choco brownie', 9, 1, 1, 75, 0, '', '', ''),
(177, 80, 13, 'raagi semiya', 13, 1, 1, 25, 0, '', '', ''),
(178, 80, 12, 'chineese style mixed non-veg noodles', 12, 1, 1, 120, 0, '', '', ''),
(179, 80, 14, 'apple pie desert(piece of 2)', 14, 1, 1, 120, 0, '', '', ''),
(180, 80, 1, 'Pongal', 1, 1, 1, 35, 0, '', '', ''),
(181, 80, 2, 'Idly(set of 3)', 2, 1, 1, 20, 0, '', '', ''),
(182, 82, 4, 'mutton biriyani', 4, 1, 1, 180, 0, '', '', ''),
(183, 82, 3, 'chicken Biriyani', 3, 1, 1, 80, 0, '', '', ''),
(184, 83, 13, 'raagi semiya', 13, 1, 1, 25, 0, '', '', ''),
(185, 84, 1, 'Pongal', 1, 3, 1, 105, 0, '', '', ''),
(186, 85, 1, 'Pongal', 1, 1, 1, 35, 0, '', '', ''),
(187, 85, 2, 'Idly(set of 3)', 2, 1, 1, 20, 0, '', '', ''),
(188, 86, 1, 'Pongal', 1, 1, 1, 35, 0, '', '', ''),
(189, 86, 2, 'Idly(set of 3)', 2, 1, 1, 20, 0, '', '', ''),
(190, 87, 1, 'Pongal', 1, 1, 1, 35, 0, '', '', ''),
(191, 88, 1, 'Pongal', 1, 1, 1, 35, 0, '', '', ''),
(192, 88, 2, 'Idly(set of 3)', 2, 1, 1, 20, 0, '', '', ''),
(193, 88, 1, 'Pongal', 1, 1, 1, 35, 0, '', '', ''),
(194, 88, 2, 'Idly(set of 3)', 2, 1, 1, 20, 0, '', '', ''),
(195, 89, 1, 'Pongal', 1, 1, 1, 35, 0, '', '', ''),
(196, 89, 2, 'Idly(set of 3)', 2, 1, 1, 20, 0, '', '', ''),
(197, 90, 1, 'Pongal', 1, 1, 1, 35, 0, '', '', ''),
(198, 90, 2, 'Idly(set of 3)', 2, 1, 1, 20, 0, '', '', ''),
(199, 91, 1, 'Pongal', 1, 1, 1, 35, 0, '', '', ''),
(200, 91, 2, 'Idly(set of 3)', 2, 1, 1, 20, 0, '', '', ''),
(201, 92, 3, 'chicken Biriyani', 3, 1, 1, 80, 0, '', '', ''),
(202, 92, 4, 'mutton biriyani', 4, 1, 1, 180, 0, '', '', ''),
(203, 92, 1, 'Pongal', 1, 1, 1, 35, 0, '', '', ''),
(204, 92, 2, 'Idly(set of 3)', 2, 1, 1, 20, 0, '', '', ''),
(205, 93, 3, 'chicken Biriyani', 3, 1, 1, 80, 0, '', '', ''),
(206, 93, 4, 'mutton biriyani', 4, 1, 1, 180, 0, '', '', ''),
(207, 94, 1, 'Pongal', 1, 1, 1, 35, 0, '', '', ''),
(208, 94, 2, 'Idly(set of 3)', 2, 1, 1, 20, 0, '', '', ''),
(209, 95, 3, 'chicken Biriyani', 3, 1, 1, 80, 0, '', '', ''),
(210, 95, 4, 'mutton biriyani', 4, 1, 1, 180, 0, '', '', ''),
(211, 96, 3, 'chicken Biriyani', 3, 1, 1, 80, 0, '', '', ''),
(212, 96, 4, 'mutton biriyani', 4, 1, 1, 180, 0, '', '', ''),
(213, 97, 1, 'Pongal', 1, 1, 1, 35, 0, '', '', ''),
(214, 97, 2, 'Idly(set of 3)', 2, 1, 1, 20, 0, '', '', ''),
(215, 98, 2, 'Idly(set of 3)', 2, 1, 1, 20, 0, '', '', ''),
(216, 99, 1, 'Pongal', 1, 1, 1, 35, 0, '', '', ''),
(217, 99, 2, 'Idly(set of 3)', 2, 1, 1, 20, 0, '', '', ''),
(218, 100, 3, 'chicken Biriyani', 3, 1, 1, 80, 0, '', '', ''),
(219, 100, 4, 'mutton biriyani', 4, 1, 1, 180, 0, '', '', ''),
(220, 101, 8, 'cazatta', 8, 1, 1, 40, 0, '', '', ''),
(221, 101, 9, 'choco brownie', 9, 1, 1, 75, 0, '', '', ''),
(222, 101, 12, 'chineese style mixed non-veg noodles', 12, 1, 1, 120, 0, '', '', ''),
(223, 102, 14, 'apple pie desert(piece of 2)', 14, 1, 1, 120, 0, '', '', ''),
(224, 103, 6, 'appy fish(200ml)', 6, 1, 1, 25, 0, '', '', ''),
(225, 103, 7, 'maaza(200ml)', 7, 1, 1, 25, 0, '', '', ''),
(226, 104, 2, 'Idly(set of 3)', 2, 1, 1, 20, 0, '', '', ''),
(227, 104, 1, 'Pongal', 1, 1, 1, 35, 0, '', '', ''),
(228, 105, 2, 'Idly(set of 3)', 2, 1, 1, 20, 0, '', '', ''),
(229, 106, 1, 'Pongal', 1, 1, 1, 35, 0, '', '', ''),
(230, 107, 2, 'Idly(set of 3)', 2, 1, 1, 20, 0, '', '', ''),
(231, 108, 1, 'Pongal', 1, 1, 1, 35, 0, '', '', ''),
(232, 108, 2, 'Idly(set of 3)', 2, 1, 1, 20, 0, '', '', ''),
(233, 109, 1, 'Pongal', 1, 1, 1, 35, 0, '', '', ''),
(234, 109, 3, 'chicken Biriyani', 3, 1, 1, 80, 0, '', '', ''),
(235, 109, 6, 'appy fish(200ml)', 6, 1, 1, 25, 0, '', '', ''),
(236, 109, 14, 'apple pie desert(piece of 2)', 14, 1, 1, 120, 0, '', '', ''),
(237, 110, 5, 'sweet corn soup', 5, 1, 1, 35, 0, '', '', ''),
(238, 110, 3, 'chicken Biriyani', 3, 1, 1, 80, 0, '', '', ''),
(239, 110, 4, 'mutton biriyani', 4, 1, 1, 180, 0, '', '', ''),
(240, 111, 1, 'Pongal', 1, 1, 1, 35, 0, '', '', ''),
(241, 111, 2, 'Idly(set of 3)', 2, 1, 1, 20, 0, '', '', ''),
(242, 112, 1, 'Pongal', 1, 2, 1, 70, 0, '', '', ''),
(243, 113, 1, 'Pongal', 1, 1, 1, 35, 0, '', '', ''),
(244, 113, 2, 'Idly(set of 3)', 2, 1, 1, 20, 0, '', '', ''),
(245, 114, 1, 'Pongal', 1, 1, 1, 35, 0, '', '', ''),
(246, 114, 2, 'Idly(set of 3)', 2, 1, 1, 20, 0, '', '', ''),
(247, 115, 2, 'Idly(set of 3)', 2, 1, 1, 20, 0, '', '', ''),
(248, 115, 1, 'Pongal', 1, 3, 1, 105, 0, '', '', ''),
(249, 116, 1, 'Pongal', 1, 1, 1, 35, 0, '', '', ''),
(250, 116, 2, 'Idly(set of 3)', 2, 1, 1, 20, 0, '', '', ''),
(251, 117, 1, 'Pongal', 1, 1, 1, 35, 0, '', '', ''),
(252, 118, 1, 'Pongal', 1, 2, 1, 70, 0, '', '', ''),
(253, 119, 1, 'Pongal', 1, 1, 1, 35, 0, '', '', ''),
(254, 119, 2, 'Idly(set of 3)', 2, 2, 1, 40, 0, '', '', ''),
(255, 119, 3, 'chicken Biriyani', 3, 1, 1, 80, 0, '', '', ''),
(256, 119, 13, 'raagi semiya', 13, 1, 1, 25, 0, '', '', ''),
(257, 119, 8, 'cazatta', 8, 2, 1, 80, 0, '', '', ''),
(258, 120, 2, 'Idly(set of 3)', 2, 2, 1, 40, 0, '', '', ''),
(259, 120, 3, 'chicken Biriyani', 3, 1, 1, 80, 0, '', '', ''),
(260, 120, 6, 'appy fish(200ml)', 6, 2, 1, 50, 0, '', '', ''),
(261, 120, 7, 'maaza(200ml)', 7, 1, 1, 25, 0, '', '', ''),
(262, 120, 12, 'chineese style mixed non-veg noodles', 12, 1, 1, 120, 0, '', '', ''),
(263, 120, 14, 'apple pie desert(piece of 2)', 14, 1, 1, 120, 0, '', '', ''),
(264, 121, 1, 'Pongal', 1, 1, 1, 35, 0, '', '', ''),
(265, 121, 14, 'apple pie desert(piece of 2)', 14, 2, 1, 240, 0, '', '', ''),
(266, 121, 3, 'chicken Biriyani', 3, 2, 1, 160, 0, '', '', ''),
(267, 121, 7, 'maaza(200ml)', 7, 2, 1, 50, 0, '', '', ''),
(268, 121, 6, 'appy fish(200ml)', 6, 2, 1, 50, 0, '', '', ''),
(269, 121, 2, 'Idly(set of 3)', 2, 4, 1, 80, 0, '', '', ''),
(270, 121, 13, 'raagi semiya', 13, 3, 1, 75, 0, '', '', ''),
(271, 122, 2, 'Idly(set of 3)', 2, 2, 1, 40, 0, '', '', ''),
(272, 122, 5, 'sweet corn soup', 5, 4, 1, 140, 0, '', '', ''),
(273, 122, 6, 'appy fish(200ml)', 6, 2, 1, 50, 0, '', '', ''),
(274, 122, 7, 'maaza(200ml)', 7, 2, 1, 50, 0, '', '', ''),
(275, 122, 9, 'choco brownie', 9, 1, 1, 75, 0, '', '', ''),
(276, 122, 8, 'cazatta', 8, 3, 1, 120, 0, '', '', ''),
(277, 122, 13, 'raagi semiya', 13, 3, 1, 75, 0, '', '', ''),
(278, 122, 12, 'chineese style mixed non-veg noodles', 12, 4, 1, 480, 0, '', '', ''),
(279, 123, 1, 'Pongal', 1, 1, 1, 35, 0, '', '', ''),
(280, 123, 2, 'Idly(set of 3)', 2, 2, 1, 40, 0, '', '', ''),
(281, 123, 7, 'maaza(200ml)', 7, 3, 1, 75, 0, '', '', ''),
(282, 123, 6, 'appy fish(200ml)', 6, 2, 1, 50, 0, '', '', ''),
(283, 123, 9, 'choco brownie', 9, 3, 1, 225, 0, '', '', ''),
(284, 123, 8, 'cazatta', 8, 3, 1, 120, 0, '', '', ''),
(285, 124, 1, 'Pongal', 1, 2, 1, 70, 0, '', '', ''),
(286, 124, 13, 'raagi semiya', 13, 2, 1, 50, 0, '', '', ''),
(287, 124, 12, 'chineese style mixed non-veg noodles', 12, 3, 1, 360, 0, '', '', ''),
(288, 125, 1, 'Pongal', 1, 4, 1, 140, 0, '', '', ''),
(289, 125, 5, 'sweet corn soup', 5, 3, 1, 105, 0, '', '', ''),
(290, 125, 13, 'raagi semiya', 13, 6, 1, 150, 0, '', '', ''),
(291, 126, 5, 'sweet corn soup', 5, 2, 1, 70, 0, '', '', ''),
(292, 126, 7, 'maaza(200ml)', 7, 1, 1, 25, 0, '', '', ''),
(293, 126, 9, 'choco brownie', 9, 3, 1, 225, 0, '', '', ''),
(294, 126, 8, 'cazatta', 8, 2, 1, 80, 0, '', '', ''),
(295, 126, 12, 'chineese style mixed non-veg noodles', 12, 1, 1, 120, 0, '', '', ''),
(296, 126, 14, 'apple pie desert(piece of 2)', 14, 3, 1, 360, 0, '', '', ''),
(297, 127, 14, 'apple pie desert(piece of 2)', 14, 7, 1, 840, 0, '', '', ''),
(298, 128, 1, 'Pongal', 1, 1, 1, 35, 0, '', '', ''),
(299, 128, 2, 'Idly(set of 3)', 2, 2, 1, 40, 0, '', '', ''),
(300, 129, 2, 'Idly(set of 3)', 2, 1, 1, 20, 0, '', '', ''),
(301, 129, 3, 'chicken Biriyani', 3, 1, 1, 80, 0, '', '', ''),
(302, 130, 2, 'Idly(set of 3)', 2, 1, 1, 20, 0, '', '', ''),
(303, 131, 2, 'Idly(set of 3)', 2, 1, 1, 20, 0, '', '', ''),
(304, 132, 2, 'Idly(set of 3)', 2, 1, 1, 20, 0, '', '', ''),
(305, 133, 2, 'Idly(set of 3)', 2, 1, 1, 20, 0, '', '', ''),
(306, 134, 2, 'Idly(set of 3)', 2, 1, 1, 20, 0, '', '', ''),
(307, 135, 2, 'Idly(set of 3)', 2, 1, 1, 20, 0, '', '', ''),
(308, 136, 3, 'chicken Biriyani', 3, 1, 1, 80, 0, '', '', ''),
(309, 136, 4, 'mutton biriyani', 4, 1, 1, 180, 0, '', '', ''),
(310, 137, 2, 'Idly(set of 3)', 2, 1, 1, 20, 0, '', '', ''),
(311, 137, 3, 'chicken Biriyani', 3, 1, 1, 80, 0, '', '', ''),
(312, 137, 4, 'mutton biriyani', 4, 1, 1, 180, 0, '', '', ''),
(313, 139, 2, 'Idly(set of 3)', 2, 1, 1, 20, 0, '', '', ''),
(314, 139, 2, 'Idly(set of 3)', 2, 1, 1, 20, 0, '', '', ''),
(315, 140, 2, 'Idly(set of 3)', 2, 1, 1, 20, 0, '', '', ''),
(316, 141, 3, 'chicken Biriyani', 3, 1, 1, 80, 0, '', '', ''),
(317, 141, 4, 'mutton biriyani', 4, 1, 1, 180, 0, '', '', ''),
(318, 141, 5, 'sweet corn soup', 5, 1, 1, 35, 0, '', '', ''),
(319, 141, 8, 'cazatta', 8, 1, 1, 40, 0, '', '', ''),
(320, 141, 9, 'choco brownie', 9, 1, 1, 75, 0, '', '', ''),
(321, 143, 3, 'chicken Biriyani', 3, 1, 1, 80, 0, '', '', ''),
(322, 143, 4, 'mutton biriyani', 4, 1, 1, 180, 0, '', '', ''),
(323, 143, 3, 'chicken Biriyani', 3, 1, 1, 80, 0, '', '', ''),
(324, 143, 4, 'mutton biriyani', 4, 1, 1, 180, 0, '', '', ''),
(325, 144, 5, 'sweet corn soup', 5, 1, 1, 35, 0, '', '', ''),
(326, 145, 7, 'maaza(200ml)', 7, 1, 1, 25, 0, '', '', ''),
(327, 145, 6, 'appy fish(200ml)', 6, 1, 1, 25, 0, '', '', ''),
(328, 146, 3, 'chicken Biriyani', 3, 3, 1, 240, 0, '', '', ''),
(329, 146, 4, 'mutton biriyani', 4, 2, 1, 360, 0, '', '', ''),
(330, 146, 9, 'choco brownie', 9, 2, 1, 150, 0, '', '', ''),
(331, 146, 8, 'cazatta', 8, 5, 1, 200, 0, '', '', ''),
(332, 146, 12, 'chineese style mixed non-veg noodles', 12, 4, 1, 480, 0, '', '', ''),
(333, 146, 18, 'watermelon juice', 18, 1, 1, 25, 0, '', '', ''),
(334, 146, 14, 'apple pie desert(piece of 2)', 14, 2, 1, 240, 0, '', '', ''),
(335, 147, 12, 'chineese style mixed non-veg noodles', 12, 4, 1, 480, 0, '', '', ''),
(336, 147, 14, 'apple pie desert(piece of 2)', 14, 3, 1, 360, 0, '', '', ''),
(337, 147, 8, 'cazatta', 8, 1, 1, 40, 0, '', '', ''),
(338, 147, 6, 'appy fish(200ml)', 6, 1, 1, 25, 0, '', '', ''),
(339, 147, 7, 'maaza(200ml)', 7, 1, 1, 25, 0, '', '', ''),
(340, 147, 5, 'sweet corn soup', 5, 2, 1, 70, 0, '', '', ''),
(341, 147, 19, 'Dark chocolate Drink', 19, 1, 1, 65, 0, '', '', ''),
(342, 147, 20, 'Pot Biriyani (veg)', 20, 1, 1, 65, 0, '', '', ''),
(343, 148, 3, 'chicken Biriyani', 3, 2, 1, 160, 0, '', '', ''),
(344, 148, 5, 'sweet corn soup', 5, 1, 1, 35, 0, '', '', ''),
(345, 148, 8, 'cazatta', 8, 1, 1, 40, 0, '', '', ''),
(346, 148, 9, 'choco brownie', 9, 1, 1, 75, 0, '', '', ''),
(347, 148, 13, 'raagi semiya', 13, 1, 1, 25, 0, '', '', ''),
(348, 148, 14, 'apple pie desert(piece of 2)', 14, 1, 1, 120, 0, '', '', ''),
(349, 148, 15, 'Hariyali BBQ', 15, 2, 1, 400, 0, '', '', ''),
(350, 148, 19, 'Dark chocolate Drink', 19, 2, 1, 130, 0, '', '', ''),
(351, 149, 3, 'chicken Biriyani', 3, 2, 1, 160, 0, '', '', ''),
(352, 149, 4, 'mutton biriyani', 4, 2, 1, 360, 0, '', '', ''),
(353, 149, 8, 'cazatta', 8, 1, 1, 40, 0, '', '', ''),
(354, 149, 9, 'choco brownie', 9, 1, 1, 75, 0, '', '', ''),
(355, 149, 6, 'appy fish(200ml)', 6, 1, 1, 25, 0, '', '', ''),
(356, 149, 15, 'Hariyali BBQ', 15, 1, 1, 200, 0, '', '', ''),
(357, 149, 14, 'apple pie desert(piece of 2)', 14, 1, 1, 120, 0, '', '', ''),
(358, 149, 19, 'Dark chocolate Drink', 19, 2, 1, 130, 0, '', '', ''),
(359, 149, 20, 'Pot Biriyani (veg)', 20, 2, 1, 130, 0, '', '', ''),
(360, 150, 3, 'chicken Biriyani', 3, 1, 1, 80, 0, '', '', ''),
(361, 150, 4, 'mutton biriyani', 4, 1, 1, 180, 0, '', '', ''),
(362, 150, 8, 'cazatta', 8, 1, 1, 40, 0, '', '', ''),
(363, 150, 6, 'appy fish(200ml)', 6, 1, 1, 25, 0, '', '', ''),
(364, 151, 12, 'chineese style mixed non-veg noodles', 12, 1, 1, 120, 0, '', '', ''),
(365, 151, 14, 'apple pie desert(piece of 2)', 14, 1, 1, 120, 0, '', '', ''),
(366, 152, 8, 'cazatta', 8, 3, 1, 120, 0, '', '', ''),
(367, 152, 9, 'choco brownie', 9, 3, 1, 225, 0, '', '', ''),
(368, 153, 12, 'chineese style mixed non-veg noodles', 12, 1, 1, 120, 0, '', '', ''),
(369, 153, 14, 'apple pie desert(piece of 2)', 14, 1, 1, 120, 0, '', '', ''),
(370, 155, 3, 'chicken Biriyani', 3, 1, 1, 80, 0, '', '', ''),
(371, 155, 4, 'mutton biriyani', 4, 1, 1, 180, 0, '', '', ''),
(372, 155, 3, 'chicken Biriyani', 3, 1, 1, 80, 0, '', '', ''),
(373, 156, 18, 'watermelon juice', 18, 1, 1, 25, 0, '', '', ''),
(374, 157, 8, 'cazatta', 8, 1, 1, 40, 0, '', '', ''),
(375, 157, 9, 'choco brownie', 9, 1, 1, 75, 0, '', '', ''),
(376, 158, 14, 'apple pie desert(piece of 2)', 14, 1, 1, 120, 0, '', '', ''),
(377, 159, 5, 'sweet corn soup', 5, 1, 1, 35, 0, '', '', ''),
(378, 160, 7, 'maaza(200ml)', 7, 1, 1, 25, 0, '', '', ''),
(379, 160, 6, 'appy fish(200ml)', 6, 1, 1, 25, 0, '', '', ''),
(380, 161, 13, 'raagi semiya', 13, 1, 1, 25, 0, '', '', ''),
(381, 162, 5, 'sweet corn soup', 5, 1, 1, 35, 0, '', '', ''),
(382, 163, 6, 'appy fish(200ml)', 6, 1, 1, 25, 0, '', '', ''),
(383, 164, 6, 'appy fish(200ml)', 6, 1, 1, 25, 0, '', '', ''),
(384, 164, 7, 'maaza(200ml)', 7, 1, 1, 25, 0, '', '', ''),
(385, 165, 14, 'apple pie desert(piece of 2)', 14, 1, 1, 120, 0, '', '', ''),
(386, 166, 8, 'cazatta', 8, 1, 1, 40, 0, '', '', ''),
(387, 167, 8, 'cazatta', 8, 1, 1, 40, 0, '', '', ''),
(388, 168, 3, 'chicken Biriyani', 3, 2, 1, 160, 0, '', '', ''),
(389, 168, 4, 'mutton biriyani', 4, 2, 1, 360, 0, '', '', ''),
(390, 168, 7, 'maaza(200ml)', 7, 2, 1, 50, 0, '', '', ''),
(391, 168, 6, 'appy fish(200ml)', 6, 2, 1, 50, 0, '', '', ''),
(392, 168, 9, 'choco brownie', 9, 1, 1, 75, 0, '', '', ''),
(393, 168, 8, 'cazatta', 8, 1, 1, 40, 0, '', '', ''),
(394, 168, 12, 'chineese style mixed non-veg noodles', 12, 2, 1, 240, 0, '', '', ''),
(395, 169, 3, 'chicken Biriyani', 3, 2, 1, 160, 0, '', '', ''),
(396, 169, 4, 'mutton biriyani', 4, 2, 1, 360, 0, '', '', ''),
(397, 169, 20, 'Pot Biriyani (veg)', 20, 2, 1, 130, 0, '', '', ''),
(398, 169, 19, 'Dark chocolate Drink', 19, 2, 1, 130, 0, '', '', ''),
(399, 169, 18, 'watermelon juice', 18, 2, 1, 50, 0, '', '', ''),
(400, 170, 6, 'appy fish(200ml)', 6, 5, 1, 125, 0, '', '', ''),
(401, 170, 7, 'maaza(200ml)', 7, 5, 1, 125, 0, '', '', ''),
(402, 171, 3, 'chicken Biriyani', 3, 1, 1, 80, 0, '', '', ''),
(403, 171, 4, 'mutton biriyani', 4, 1, 1, 180, 0, '', '', ''),
(404, 171, 6, 'appy fish(200ml)', 6, 1, 1, 25, 0, '', '', ''),
(405, 171, 7, 'maaza(200ml)', 7, 1, 1, 25, 0, '', '', ''),
(406, 172, 4, 'mutton biriyani', 4, 1, 1, 180, 0, '', '', ''),
(407, 172, 3, 'chicken Biriyani', 3, 1, 1, 80, 0, '', '', ''),
(408, 172, 8, 'cazatta', 8, 1, 1, 40, 0, '', '', ''),
(409, 172, 9, 'choco brownie', 9, 1, 1, 75, 0, '', '', ''),
(410, 173, 3, 'chicken Biriyani', 3, 1, 1, 80, 0, '', '', ''),
(411, 173, 4, 'mutton biriyani', 4, 1, 1, 180, 0, '', '', ''),
(412, 174, 3, 'chicken Biriyani', 3, 1, 1, 80, 0, '', '', ''),
(413, 174, 4, 'mutton biriyani', 4, 1, 1, 180, 0, '', '', ''),
(414, 175, 3, 'chicken Biriyani', 3, 1, 1, 80, 0, '', '', ''),
(415, 175, 4, 'mutton biriyani', 4, 1, 1, 180, 0, '', '', ''),
(416, 176, 3, 'chicken Biriyani', 3, 3, 1, 240, 0, '', '', ''),
(417, 176, 4, 'mutton biriyani', 4, 1, 1, 180, 0, '', '', ''),
(418, 177, 3, 'chicken Biriyani', 3, 1, 1, 80, 0, '', '', ''),
(419, 177, 4, 'mutton biriyani', 4, 1, 1, 180, 0, '', '', ''),
(420, 178, 3, 'chicken Biriyani', 3, 3, 1, 240, 0, '', '', ''),
(421, 178, 4, 'mutton biriyani', 4, 3, 1, 540, 0, '', '', ''),
(422, 178, 12, 'chineese style mixed non-veg noodles', 12, 1, 1, 120, 0, '', '', ''),
(423, 178, 7, 'maaza(200ml)', 7, 1, 1, 25, 0, '', '', ''),
(424, 178, 6, 'appy fish(200ml)', 6, 1, 1, 25, 0, '', '', ''),
(425, 179, 2, 'Idly(set of 3)', 2, 2, 1, 40, 0, '', '', ''),
(426, 179, 5, 'sweet corn soup', 5, 2, 1, 70, 0, '', '', ''),
(427, 179, 8, 'cazatta', 8, 1, 1, 40, 0, '', '', ''),
(428, 179, 9, 'choco brownie', 9, 1, 1, 75, 0, '', '', ''),
(429, 179, 14, 'apple pie desert(piece of 2)', 14, 2, 1, 240, 0, '', '', ''),
(430, 179, 19, 'Dark chocolate Drink', 19, 2, 1, 130, 0, '', '', ''),
(431, 179, 7, 'maaza(200ml)', 7, 2, 1, 50, 0, '', '', ''),
(432, 180, 4, 'mutton biriyani', 4, 2, 1, 360, 0, '', '', ''),
(433, 180, 6, 'appy fish(200ml)', 6, 1, 1, 25, 0, '', '', ''),
(434, 180, 7, 'maaza(200ml)', 7, 1, 1, 25, 0, '', '', ''),
(435, 180, 8, 'cazatta', 8, 1, 1, 40, 0, '', '', ''),
(436, 180, 9, 'choco brownie', 9, 1, 1, 75, 0, '', '', ''),
(437, 180, 18, 'watermelon juice', 18, 2, 1, 50, 0, '', '', ''),
(438, 181, 4, 'mutton biriyani', 4, 2, 1, 360, 0, '', '', ''),
(439, 181, 6, 'appy fish(200ml)', 6, 1, 1, 25, 0, '', '', ''),
(440, 181, 7, 'maaza(200ml)', 7, 1, 1, 25, 0, '', '', ''),
(441, 181, 8, 'cazatta', 8, 1, 1, 40, 0, '', '', ''),
(442, 181, 9, 'choco brownie', 9, 1, 1, 75, 0, '', '', ''),
(443, 181, 18, 'watermelon juice', 18, 2, 1, 50, 0, '', '', ''),
(444, 182, 2, 'Idly(set of 3)', 2, 1, 1, 20, 0, '', '', '');

-- --------------------------------------------------------

--
-- Table structure for table `table_category_1`
--

CREATE TABLE IF NOT EXISTS `table_category_1` (
  `table_category_id` int(10) NOT NULL AUTO_INCREMENT,
  `table_category_name` varchar(100) NOT NULL,
  `no_of_tables` int(10) NOT NULL,
  PRIMARY KEY (`table_category_id`),
  UNIQUE KEY `table_category_name` (`table_category_name`)
) ENGINE=InnoDB  DEFAULT CHARSET=latin1 AUTO_INCREMENT=14 ;

--
-- Dumping data for table `table_category_1`
--

INSERT INTO `table_category_1` (`table_category_id`, `table_category_name`, `no_of_tables`) VALUES
(1, 'First floor', 21),
(2, 'second floor', 20),
(3, 'Third floor', 10),
(4, 'Fourth floor', 10),
(5, 'Fifth floor', 5),
(6, 'sixth floor', 6),
(7, 'Ground floor', 10),
(8, 'basement', 5),
(9, 'Top floor', 5),
(11, 'top floor second', 5),
(12, 'ground', 2),
(13, 'Eighth Floor', 4);

-- --------------------------------------------------------

--
-- Table structure for table `table_details_1`
--

CREATE TABLE IF NOT EXISTS `table_details_1` (
  `table_id` int(10) NOT NULL AUTO_INCREMENT,
  `table_category_id` int(10) DEFAULT NULL,
  `table_name` varchar(100) NOT NULL,
  `capacity` int(100) NOT NULL,
  PRIMARY KEY (`table_id`),
  KEY `table_category_id_fk` (`table_category_id`)
) ENGINE=InnoDB  DEFAULT CHARSET=latin1 AUTO_INCREMENT=19 ;

--
-- Dumping data for table `table_details_1`
--

INSERT INTO `table_details_1` (`table_id`, `table_category_id`, `table_name`, `capacity`) VALUES
(1, 1, 'T1', 10),
(2, 1, 'T2', 10),
(3, 2, 'T1', 5),
(4, 2, 'T2', 5),
(5, 2, 'T3', 5),
(6, 2, 'T4', 5),
(7, 3, 'T6', 15),
(8, 3, 'T5', 15),
(9, 4, 'T7', 10),
(10, 6, 'T8', 12),
(11, 7, 'GR1', 5),
(12, 8, 'free', 15),
(13, 9, 'Top1', 3),
(14, 9, 'top2', 5),
(16, 11, 'top1', 5),
(17, 12, 'G1', 10),
(18, 13, 'tbl', 8);

--
-- Constraints for dumped tables
--

--
-- Constraints for table `product_1`
--
ALTER TABLE `product_1`
  ADD CONSTRAINT `category_id_fk` FOREIGN KEY (`category_id`) REFERENCES `category_1` (`category_id`) ON DELETE CASCADE ON UPDATE CASCADE;

/*!40101 SET CHARACTER_SET_CLIENT=@OLD_CHARACTER_SET_CLIENT */;
/*!40101 SET CHARACTER_SET_RESULTS=@OLD_CHARACTER_SET_RESULTS */;
/*!40101 SET COLLATION_CONNECTION=@OLD_COLLATION_CONNECTION */;
